name,path,tier,model,category,subcategory,description,grade,composite_score,role
discovery-agent,pipeline-agents/-dev-system/01-02-ideation-discovery/discovery-agent.md,expert,opus,-dev-system,01-02-ideation-discovery,"Phase 2 agent for the dev-system pipeline. Creates C4 architecture diagrams, defines system scope, explores technical approaches, and prepares for validation gate.",A,90.2,executor
ideation-agent,pipeline-agents/-dev-system/01-02-ideation-discovery/ideation-agent.md,expert,opus,-dev-system,01-02-ideation-discovery,"Phase 1 agent for the dev-system pipeline. Facilitates requirement gathering, stakeholder synthesis, and initial PRD drafting. Transforms vague ideas into structured product requirements.",A,90.5,executor
coupling-analyzer,pipeline-agents/-dev-system/03-05-validation-planning/coupling-analyzer.md,expert,sonnet,-dev-system,03-05-validation-planning,"Phase 5 supporting agent for the dev-system pipeline. Analyzes task DAG for coupling issues, identifies tight dependencies, recommends decoupling strategies, and validates task independence for parallel execution.",A,90.0,analyzer
prd-auditor,pipeline-agents/-dev-system/03-05-validation-planning/prd-auditor.md,expert,opus,-dev-system,03-05-validation-planning,"Phase 4 agent for the dev-system pipeline. Audits validated PRDs for quality, consistency, feasibility, and completeness. Performs deep review beyond structural validation to ensure PRD is implementation-ready.",A,90.5,auditor
prd-validator,pipeline-agents/-dev-system/03-05-validation-planning/prd-validator.md,expert,opus,-dev-system,03-05-validation-planning,"Phase 3 agent for the dev-system pipeline. Validates PRD completeness against 19-section structure, verifies EARS syntax compliance, checks requirement traceability, and prepares for audit gate.",A,91.5,validator
task-decomposer,pipeline-agents/-dev-system/03-05-validation-planning/task-decomposer.md,expert,opus,-dev-system,03-05-validation-planning,"Phase 5 agent for the dev-system pipeline. Transforms audited PRDs into TaskMaster-compatible task DAGs with dependencies, complexity estimates, and acceptance criteria. Integrates with TaskMaster for DAG generation.",A,90.2,executor
code-review-gate,pipeline-agents/-dev-system/06-09-implementation/code-review-gate.md,expert,opus,-dev-system,06-09-implementation,"Phase 6-9 code review gate agent for the dev-system pipeline. Reviews TDD implementations against OpenSpecs, enforces quality standards, validates test coverage, and provides gate pass/fail decisions with actionable feedback.",A,90.2,gatekeeper
plan-guardian,pipeline-agents/-dev-system/06-09-implementation/plan-guardian.md,phd,opus,-dev-system,06-09-implementation,"Phases 6-9 continuous monitoring agent for the dev-system pipeline. Tracks implementation drift against PRD, specs, and task plan. Computes alignment scores (0.0-1.0) and triggers conditional gates when drift exceeds thresholds.",A,92.8,monitor
specification-agent,pipeline-agents/-dev-system/06-09-implementation/specification-agent.md,expert,opus,-dev-system,06-09-implementation,"Phase 6-9 agent for the dev-system pipeline. Creates OpenSpec specifications for each task, defining precise implementation contracts with inputs, outputs, interfaces, and test criteria. Ensures 1:1 task-to-spec mapping.",A,90.2,executor
tdd-implementation-agent,pipeline-agents/-dev-system/06-09-implementation/tdd-implementation-agent.md,phd,opus,-dev-system,06-09-implementation,"Phase 6-9 core implementation agent for the dev-system pipeline. Implements tasks using strict TDD methodologyâ€”tests first, then implementation, then refactor. Works from OpenSpecs and test strategies to produce verified code.",A,93.5,executor
test-strategist,pipeline-agents/-dev-system/06-09-implementation/test-strategist.md,expert,sonnet,-dev-system,06-09-implementation,"Phase 6-9 agent for the dev-system pipeline. Designs test strategies for each OpenSpec, defining test types, coverage targets, and test case outlines. Prepares test plan before TDD implementation begins.",A,90.0,strategist
e2e-testing-gate,pipeline-agents/-dev-system/10-testing/e2e-testing-gate.md,expert,opus,-dev-system,10-testing,"Phase 10 end-to-end testing agent for the dev-system pipeline. Executes user journey tests, validates system behavior from user perspective, performs final GO/NO-GO validation before deployment phase.",A,90.2,gatekeeper
integration-testing-gate,pipeline-agents/-dev-system/10-testing/integration-testing-gate.md,expert,opus,-dev-system,10-testing,"Phase 10 integration testing agent for the dev-system pipeline. Orchestrates cross-component testing, validates API contracts, verifies service boundaries, and ensures system integration before E2E testing.",A,90.0,gatekeeper
deployment-gate,pipeline-agents/-dev-system/11-12-deployment/deployment-gate.md,phd,opus,-dev-system,11-12-deployment,"Phase 11-12 deployment agent for the dev-system pipeline. Manages deployment execution, rollback preparation, production verification, and final release gate. Ensures safe, monitored deployment with rollback capability.",A,94.2,executor
expert-agent-editor,pipeline-agents/-pipeline-core/agent-editors/expert-agent-editor.md,expert,opus,-pipeline-core,agent-editors,"Creates and revises expert-tier agent definitions (~1500 tokens, 15-20 instructions). Invoke for specialized domain agents requiring depth.",A,91.2,executor
focused-agent-editor,pipeline-agents/-pipeline-core/agent-editors/focused-agent-editor.md,focused,sonnet,-pipeline-core,agent-editors,"Creates and revises focused-tier agent definitions (~500 tokens, 5-10 instructions). Invoke for bounded, well-defined agent roles.",A,90.5,executor
phd-agent-editor,pipeline-agents/-pipeline-core/agent-editors/phd-agent-editor.md,phd,opus,-pipeline-core,agent-editors,"World-class agent architect for PhD-tier definitions (~3000 tokens, 25-35 instructions). Invoke for complex specialists requiring first-principles design, architectural decisions, or novel agent domains.",A,95.8,executor
mcp-orchestrator,pipeline-agents/-pipeline-core/agent-infrastructure/mcp-orchestrator.md,phd,opus,-pipeline-core,agent-infrastructure,"World-class MCP infrastructure architect. Discovers, deploys, and integrates MCP servers for agents. Prefers Docker Desktop containerization with fallback to native deployment. Modifies agent definitions with optimal MCP configurations.",A,90.8,executor
agent-knowledge-researcher,pipeline-agents/-pipeline-core/agent-research/agent-knowledge-researcher.md,phd,opus,-pipeline-core,agent-research,"World-class knowledge curator for agent systems. Researches, validates, and adjudicates the true value of knowledge sources. Determines whether information warrants URL reference, local excerpt extraction, or agent embedding. Uses Firecrawl MCP for parallel intelligent scraping.",A,91.5,advisor
first-principles-advisor,pipeline-agents/-pipeline-core/pipeline-advisors/first-principles-advisor.md,phd,opus,-pipeline-core,pipeline-advisors,"First-principles problem decomposition specialist for the dev-system pipeline. Invoked by orchestrator when tasks are novel, ambiguous, or require fundamental analysis beyond TaskMaster's pattern-based decomposition.",A,90.2,advisor
first-principles-engineer,pipeline-agents/-pipeline-core/pipeline-advisors/first-principles-engineer.md,phd,opus,-pipeline-core,pipeline-advisors,"World-class first-principles reasoning specialist for dev-system pipeline. Invoke for novel problems resisting pattern decomposition, fundamental architectural decisions, and assumption-laden requirements requiring Socratic analysis.",A,94.5,advisor
agent-selector,pipeline-agents/-pipeline-core/pipeline-control/agent-selector.md,phd,opus,-pipeline-core,pipeline-control,"Phase-aware agent adjudication engine for the dev-system pipeline. Scores and selects optimal agents for each phase task, presents candidates with confidence scores for human adjudication, and maintains selection accuracy through feedback loops.",A,93.8,advisor
collaborator-coordinator,pipeline-agents/-pipeline-core/pipeline-control/collaborator-coordinator.md,phd,opus,-pipeline-core,pipeline-control,"Multi-agent collaboration architect for complex phase tasks. Designs team compositions, manages shared context, orchestrates handoffs, resolves conflicts, and drives convergence toward phase deliverables within the dev-system pipeline.",A,93.2,executor
pipeline-orchestrator,pipeline-agents/-pipeline-core/pipeline-control/orchestrator.md,phd,opus,-pipeline-core,pipeline-control,"Central dispatcher for the dev-system 12-phase pipeline. Coordinates phase transitions, manages 6 human gates, routes tasks to agents via agent-selector, and ensures alignment with PRD through Plan Guardian integration.",A,93.5,executor
quality-gate-controller,pipeline-agents/-pipeline-core/pipeline-control/quality-gate-controller.md,expert,sonnet,-pipeline-core,pipeline-control,"Configures validation intensity and quality criteria for each dev-system pipeline gate. Scales testing depth by phase, risk tolerance, and human preferences. Prepares gate criteria for the 6 human decision points.",A,90.2,controller
agent-browser,pipeline-agents/-pipeline-core/roster-management/browser/AGENT.md,focused,sonnet,-pipeline-core,roster-management,"Agent catalog navigator for the dev-system pipeline. Searches, filters, and displays available agents by capability, phase, or domain to help users and orchestrators find the right agent for any task.",A,90.0,advisor
agent-curator,pipeline-agents/-pipeline-core/roster-management/curator/AGENT.md,focused,sonnet,-pipeline-core,roster-management,"Agent refinement specialist for the dev-system pipeline. Tailors existing agents for specific project needs by adjusting parameters, adding context, and optimizing collaboration patterns while maintaining quality standards.",A,90.2,executor
agent-inventor,pipeline-agents/-pipeline-core/roster-management/inventor/AGENT.md,focused,sonnet,-pipeline-core,roster-management,"Custom agent creator for the dev-system pipeline. Designs and builds new specialized agents when gaps are identified in the standard roster, ensuring PhD-grade expertise and clear domain boundaries.",A,90.5,executor
agent-provisioner,pipeline-agents/-pipeline-core/roster-management/provisioner/AGENT.md,focused,sonnet,-pipeline-core,roster-management,"Agent roster planner for the dev-system pipeline. Analyzes project requirements and proposes which specialized agents should handle each phase and task, identifying gaps for custom agent creation.",A,90.0,advisor
roster-agent-selector,pipeline-agents/-pipeline-core/roster-management/selector/AGENT.md,focused,sonnet,-pipeline-core,roster-management,"Task-to-agent matcher for roster management. Selects appropriate agents for tasks based on phase context, requirements, and roster assignments. Distinct from the PhD-tier pipeline agent-selector.",A,90.2,advisor
agent-linter,pipeline-agents/-pipeline-core/validation/agent-linter.md,phd,opus,-pipeline-core,validation,"Structural validation agent that evaluates agent definitions against objective, measurable criteria. Invoke for automated quality checks on agent structure, tier alignment, frontmatter completeness, and output format compliance.",A,92.0,auditor
agent-quality-auditor,pipeline-agents/-pipeline-core/validation/agent-quality-auditor.md,phd,opus,-pipeline-core,validation,"Qualitative evaluation agent that assesses instruction quality, knowledge source authority, identity clarity, and anti-pattern specificity. Invoke for subjective quality dimensions that require expert judgment rather than pattern matching.",A,93.5,auditor
audit-report-generator,pipeline-agents/-pipeline-core/validation/audit-report-generator.md,expert,sonnet,-pipeline-core,validation,Report aggregation agent that combines structural scores from agent-linter and qualitative assessments from agent-quality-auditor into comprehensive audit reports. Invoke after both automated and agent-evaluated audits are complete.,A,90.5,executor
javascript-pro,expert-agents/backend-ecosystems/application-languages/javascript-pro.md,expert,sonnet,backend-ecosystems,application-languages,"JavaScript specialist for modern ES6+ patterns, async/await architecture, and Node.js ecosystem integration across full-stack applications",A,91,executor
python-pro,expert-agents/backend-ecosystems/application-languages/python-pro.md,expert,sonnet,backend-ecosystems,application-languages,"Python specialist for backend services, API development, and automation with Pythonic idioms, type safety, and security-first design",A,91,executor
typescript-pro,expert-agents/backend-ecosystems/application-languages/typescript-pro.md,expert,sonnet,backend-ecosystems,application-languages,"TypeScript specialist for advanced type systems, strict type safety, and enterprise-scale applications",A,91.3,executor
elixir-pro,expert-agents/backend-ecosystems/dynamic-languages/elixir-pro.md,expert,sonnet,backend-ecosystems,dynamic-languages,"Elixir specialist for OTP patterns, functional programming, and Phoenix framework with highly concurrent, fault-tolerant systems",A,90.5,executor
php-pro,expert-agents/backend-ecosystems/dynamic-languages/php-pro.md,expert,sonnet,backend-ecosystems,dynamic-languages,"Modern PHP specialist for Laravel/Symfony frameworks, typed code, performance optimization, and contemporary development practices",A,91,executor
ruby-pro,expert-agents/backend-ecosystems/dynamic-languages/ruby-pro.md,expert,sonnet,backend-ecosystems,dynamic-languages,"Ruby specialist for Rails framework, metaprogramming patterns, and elegant code architecture optimized for rapid development",A,91,executor
csharp-pro,expert-agents/backend-ecosystems/enterprise-languages/csharp-pro.md,expert,sonnet,backend-ecosystems,enterprise-languages,"C# enterprise specialist for async/await patterns, LINQ optimization, .NET ecosystem integration, and enterprise-scale applications",A,91,executor
java-pro,expert-agents/backend-ecosystems/enterprise-languages/java-pro.md,expert,sonnet,backend-ecosystems,enterprise-languages,"Java enterprise specialist for modern streams, concurrency patterns, JVM optimization, and enterprise-scale architecture",A,91,executor
scala-pro,expert-agents/backend-ecosystems/enterprise-languages/scala-pro.md,expert,sonnet,backend-ecosystems,enterprise-languages,"Scala specialist for functional programming, distributed systems with Akka, and big data processing with Spark",A,92,executor
c-pro,expert-agents/backend-ecosystems/systems-languages/c-pro.md,expert,sonnet,backend-ecosystems,systems-languages,"C systems programming specialist for memory-efficient, performance-critical applications with manual memory management and hardware control",A,90.2,executor
cpp-pro,expert-agents/backend-ecosystems/systems-languages/cpp-pro.md,expert,sonnet,backend-ecosystems,systems-languages,"Modern C++ specialist for RAII patterns, template metaprogramming, and high-performance applications with zero-overhead abstractions",A,90.8,executor
golang-pro,expert-agents/backend-ecosystems/systems-languages/golang-pro.md,expert,sonnet,backend-ecosystems,systems-languages,"Go systems programming specialist for concurrent microservices, idiomatic patterns, and performance-optimized backend infrastructure",A,91.5,executor
rust-pro,expert-agents/backend-ecosystems/systems-languages/rust-pro.md,expert,sonnet,backend-ecosystems,systems-languages,"Rust systems programming specialist for memory-safe, high-performance applications with ownership optimization and safety guarantees",A,91.2,executor
defi-architect,expert-agents/blockchain-web3/defi/defi-architect.md,phd,opus,blockchain-web3,defi,"World-class expert in decentralized finance architecture, cryptoeconomics, and protocol security. Invoke for complex DeFi system design, game-theoretic analysis, economic attack modeling, MEV mitigation, and novel financial primitive construction requiring deep economic and cryptographic expertise.",A+,9.6,executor
analytics-reporter,expert-agents/business-operations/analytics/analytics-reporter.md,expert,sonnet,business-operations,analytics,"Analytics and reporting specialist for business intelligence dashboards. Invoke for GA4 configuration, Mixpanel/Amplitude implementation, KPI tracking, funnel analysis, cohort analysis, and dashboard design.",A,9.0,advisor
finance-tracker,expert-agents/business-operations/analytics/finance-tracker.md,expert,sonnet,business-operations,analytics,"Financial operations specialist for startup and business finance management. Invoke for budget tracking, burn rate analysis, revenue forecasting, expense categorization, runway calculation, and financial reporting.",A,9.0,advisor
customer-support,expert-agents/business-operations/customer-relations/customer-support.md,expert,sonnet,business-operations,customer-relations,Provides comprehensive customer support responses and troubleshooting with user experience focus and solution effectiveness,A,91,executor
sales-automator,expert-agents/business-operations/customer-relations/sales-automator.md,expert,sonnet,business-operations,customer-relations,"Sales automation and conversion optimization specialist. Invoke for lead generation system design, sales funnel optimization, CRM workflow automation, and conversion rate improvement.",A-,8.7,executor
payment-integration,expert-agents/business-operations/finance-risk/payment-integration.md,expert,sonnet,business-operations,finance-risk,"Secure payment gateway integration specialist. Invoke for payment gateway integration, PCI DSS compliance, transaction security, and secure payment processing implementation.",A-,8.9,executor
quant-analyst,expert-agents/business-operations/finance-risk/quant-analyst.md,expert,sonnet,business-operations,finance-risk,"Quantitative modeling and financial algorithm specialist. Invoke for quantitative model development, financial algorithm design, risk quantification, and backtesting validation.",A-,8.9,advisor
risk-manager,expert-agents/business-operations/finance-risk/risk-manager.md,expert,opus,business-operations,finance-risk,"Enterprise risk assessment and mitigation specialist. Invoke for risk assessment, threat modeling, business continuity planning, and strategic risk mitigation.",A,9.0,auditor
feedback-synthesizer,expert-agents/business-operations/product-management/feedback-synthesizer.md,expert,sonnet,business-operations,product-management,"Synthesizes user feedback into actionable product insights. Invoke for NPS analysis, sentiment analysis, feedback categorization, user interview synthesis, and feature request prioritization.",A,91,advisor
sprint-prioritizer,expert-agents/business-operations/product-management/sprint-prioritizer.md,expert,sonnet,business-operations,product-management,"Agile backlog management and sprint planning specialist. Invoke for story point estimation, sprint planning, backlog grooming, RICE/ICE scoring, dependency mapping, and velocity tracking.",A,91,advisor
trend-researcher,expert-agents/business-operations/product-management/trend-researcher.md,expert,sonnet,business-operations,product-management,"Market trends and competitive intelligence analyst. Invoke for technology trend analysis, competitor research, market landscape assessment, emerging pattern identification, and future forecasting.",A,91,advisor
experiment-tracker,expert-agents/business-operations/project-management/experiment-tracker.md,expert,sonnet,business-operations,project-management,"A/B testing and experimentation specialist. Invoke for experiment design, statistical significance analysis, feature flag management, hypothesis formation, test result analysis, and rollout decisions.",A,92,auditor
project-shipper,expert-agents/business-operations/project-management/project-shipper.md,expert,sonnet,business-operations,project-management,"Release management and launch coordination specialist. Invoke for launch coordination, go-live checklists, stakeholder alignment, risk mitigation, rollback planning, and post-launch monitoring.",A,91,executor
studio-producer,expert-agents/business-operations/project-management/studio-producer.md,expert,sonnet,business-operations,project-management,"Production management and cross-team coordination specialist. Invoke for resource allocation, timeline management, cross-team coordination, milestone tracking, blocker resolution, and capacity planning.",A,91,executor
business-analyst,expert-agents/business-operations/workforce-legal/business-analyst.md,expert,sonnet,business-operations,workforce-legal,Analyzes business requirements and creates comprehensive specifications with stakeholder alignment and strategic business value focus,A,91,auditor
hr-pro,expert-agents/business-operations/workforce-legal/hr-pro.md,expert,sonnet,business-operations,workforce-legal,"Handles comprehensive HR processes including recruitment, policy development, and employee experience optimization",A,91,executor
legal-advisor,expert-agents/business-operations/workforce-legal/legal-advisor.md,expert,opus,business-operations,workforce-legal,Provides legal guidance and contract review with compliance focus and risk mitigation through legal best practices,A,9.0,auditor
aws-architect,expert-agents/cloud-infrastructure/cloud-platforms/aws-architect.md,expert,opus,cloud-infrastructure,cloud-platforms,"Designs and implements scalable, secure, cost-optimized AWS architectures using Well-Architected Framework principles for mission-critical deployments. Invoke for AWS architecture design, service selection, and cost optimization.",A,92,architect
azure-architect,expert-agents/cloud-infrastructure/cloud-platforms/azure-architect.md,expert,opus,cloud-infrastructure,cloud-platforms,"Designs and implements robust, secure Azure architectures using Azure Well-Architected Framework for enterprise-scale deployments with Microsoft ecosystem integration",A,94,architect
gcp-architect,expert-agents/cloud-infrastructure/cloud-platforms/gcp-architect.md,expert,opus,cloud-infrastructure,cloud-platforms,"Designs and implements scalable, secure architectures on Google Cloud Platform leveraging GCP-specific services and Cloud Architecture Framework. Invoke for GCP architecture design, data analytics integration, and cloud-native solutions.",A,91,advisor
oracle-cloud-architect,expert-agents/cloud-infrastructure/cloud-platforms/oracle-cloud-architect.md,expert,opus,cloud-infrastructure,cloud-platforms,"Designs and implements secure, high-performance architectures on Oracle Cloud Infrastructure utilizing OCI-specific services and enterprise best practices. Invoke for OCI architecture design, enterprise database integration, and performance optimization.",A,91,advisor
docker-agent,expert-agents/cloud-infrastructure/container-orchestration/docker-agent.md,expert,sonnet,cloud-infrastructure,container-orchestration,"Builds, manages, and optimizes Docker containers for application deployment with focus on lightweight, secure container images. Invoke for Dockerfile optimization, container security, and multi-stage build design.",A,90,executor
kubernetes-agent,expert-agents/cloud-infrastructure/container-orchestration/kubernetes-agent.md,expert,sonnet,cloud-infrastructure,container-orchestration,"Orchestrates Kubernetes clusters, manages deployments, and optimizes resource allocation for scalable, resilient application orchestration. Invoke for K8s cluster design, deployment management, and scaling optimization.",A,91,executor
chaos-engineer,expert-agents/cloud-infrastructure/deployment-operations/chaos-engineer.md,expert,sonnet,cloud-infrastructure,deployment-operations,"Implements resilience testing through fault injection, failure scenario validation, and system reliability assessment under adverse conditions. Invoke for chaos experiments, resilience testing, and system antifragility improvement.",A,91,executor
deployment-engineer,expert-agents/cloud-infrastructure/deployment-operations/deployment-engineer.md,expert,sonnet,cloud-infrastructure,deployment-operations,"Configures CI/CD pipelines and cloud deployments with sophisticated automation, parallel stages, and integrated security scanning. Invoke for pipeline design, deployment automation, and release management.",A,91,executor
devops-troubleshooter,expert-agents/cloud-infrastructure/deployment-operations/devops-troubleshooter.md,expert,sonnet,cloud-infrastructure,deployment-operations,"Debugs production issues, analyzes system logs, and resolves deployment failures with focus on cloud efficiency and monitoring excellence. Invoke for infrastructure debugging, log analysis, and performance troubleshooting.",A,90,executor
incident-responder,expert-agents/cloud-infrastructure/deployment-operations/incident-responder.md,expert,sonnet,cloud-infrastructure,deployment-operations,"Handles production incidents with urgency, precision, and systematic problem resolution for minimal service disruption. Invoke for incident management, rapid troubleshooting, root cause analysis, and post-incident reviews.",A,91,executor
terraform-specialist,expert-agents/cloud-infrastructure/infrastructure-as-code/terraform-specialist.md,expert,sonnet,cloud-infrastructure,infrastructure-as-code,"Masters Infrastructure as Code with advanced Terraform modules, state management, and infrastructure automation best practices. Validates infrastructure against OpenSpec contracts and enforces deployment gates. Invoke for IaC design, module development, state management, infrastructure automation, and deployment validation (phases 11-12).",A,93,executor
grpc-expert,expert-agents/communication-protocols/api-standards/grpc-expert.md,expert,sonnet,communication-protocols,api-standards,"Masters gRPC high-performance RPC framework for microservices communication, specializing in Protocol Buffers, streaming APIs, load balancing, and cross-language service integration with advanced performance optimization",A,,executor
openapi-rest-expert,expert-agents/communication-protocols/api-standards/openapi-rest-expert.md,expert,sonnet,communication-protocols,api-standards,"Masters OpenAPI specification and RESTful API design, specializing in API documentation, service architecture, HTTP best practices, and comprehensive API lifecycle management with advanced tooling integration",A,,executor
canbus-expert,expert-agents/communication-protocols/industrial-protocols/canbus-expert.md,expert,sonnet,communication-protocols,industrial-protocols,"Masters CAN (Controller Area Network) bus protocol for automotive and industrial embedded systems, specializing in real-time communication, fault tolerance, and distributed control networks with advanced diagnostics",A,,executor
coap-expert,expert-agents/communication-protocols/industrial-protocols/coap-expert.md,expert,sonnet,communication-protocols,industrial-protocols,"Masters CoAP (Constrained Application Protocol) for IoT and constrained devices, specializing in lightweight HTTP alternative, resource-constrained networking, and efficient machine-to-machine communication",A,,executor
modbus-expert,expert-agents/communication-protocols/industrial-protocols/modbus-expert.md,expert,sonnet,communication-protocols,industrial-protocols,"Masters Modbus protocol for industrial control systems, specializing in PLC communication, sensor networks, SCADA integration, and reliable serial/Ethernet industrial data exchange",A,,executor
opcua-expert,expert-agents/communication-protocols/industrial-protocols/opcua-expert.md,expert,sonnet,communication-protocols,industrial-protocols,"Masters OPC-UA (Open Platform Communications Unified Architecture) for industrial automation and SCADA systems, specializing in secure machine-to-machine communication, information modeling, and industrial IoT integration",A,,executor
amqp-rabbitmq-expert,expert-agents/communication-protocols/messaging-systems/amqp-rabbitmq-expert.md,expert,sonnet,communication-protocols,messaging-systems,"Masters AMQP protocol and RabbitMQ message broker for enterprise messaging systems, specializing in reliable message delivery, complex routing, and scalable asynchronous communication architectures",A,,executor
dds-expert,expert-agents/communication-protocols/messaging-systems/dds-expert.md,expert,sonnet,communication-protocols,messaging-systems,"Expert in Data Distribution Service (DDS) for real-time, data-centric publish-subscribe models in distributed systems with reliability focus",A,,executor
kafka-expert,expert-agents/communication-protocols/messaging-systems/kafka-expert.md,expert,sonnet,communication-protocols,messaging-systems,"Masters Apache Kafka for distributed event streaming and real-time data pipelines, specializing in high-throughput messaging, stream processing, and scalable data architecture with advanced cluster management",A,,executor
mqtt-expert,expert-agents/communication-protocols/messaging-systems/mqtt-expert.md,expert,sonnet,communication-protocols,messaging-systems,Expert in MQTT protocol design and implementation for lightweight publish-subscribe messaging in IoT and microservices with security focus,A,,executor
redis-expert,expert-agents/communication-protocols/messaging-systems/redis-expert.md,expert,sonnet,communication-protocols,messaging-systems,"Masters Redis in-memory data structures and caching systems, specializing in high-performance data storage, pub/sub messaging, distributed caching, and real-time applications with advanced clustering and persistence",A,,executor
zenoh-expert,expert-agents/communication-protocols/messaging-systems/zenoh-expert.md,expert,sonnet,communication-protocols,messaging-systems,"Expert in Zenoh protocol for scalable, peer-to-peer communication enabling edge-to-cloud data flows with performance optimization",A,,executor
webrtc-expert,expert-agents/communication-protocols/realtime-protocols/webrtc-expert.md,expert,sonnet,communication-protocols,realtime-protocols,"Masters WebRTC real-time peer-to-peer communication for web and mobile applications, specializing in video conferencing, audio streaming, data channels, and NAT traversal with advanced media optimization and security protocols",A,,executor
websocket-expert,expert-agents/communication-protocols/realtime-protocols/websocket-expert.md,expert,sonnet,communication-protocols,realtime-protocols,"Masters WebSocket protocol for real-time bidirectional web communication, specializing in live data streaming, chat applications, gaming protocols, and scalable real-time web architectures with advanced connection management",A,,executor
data-engineer,expert-agents/data-intelligence/data-processing/data-engineer.md,expert,sonnet,data-intelligence,data-processing,"Architects data pipelines, ETL processes, and data warehouse systems with focus on scalability, data quality, and production reliability",A,91,executor
data-scientist,expert-agents/data-intelligence/data-processing/data-scientist.md,expert,sonnet,data-intelligence,data-processing,"Performs advanced data analysis, statistical modeling, and visualization for data-driven insights and predictive analytics",A,91,executor
database-admin,expert-agents/data-intelligence/database-operations/database-admin.md,expert,sonnet,data-intelligence,database-operations,"Ensures mission-critical database operations including backup strategies, replication, monitoring, and disaster recovery for production systems",A,91,advisor
database-optimizer,expert-agents/data-intelligence/database-operations/database-optimizer.md,expert,sonnet,data-intelligence,database-operations,"Specializes in database performance tuning, index strategy optimization, and query execution plan analysis for maximum efficiency",A,91,auditor
falkordb-expert,expert-agents/data-intelligence/database-systems/falkordb-expert.md,expert,sonnet,data-intelligence,database-systems,"Master of FalkorDB graph database architecture, specializing in high-performance graph queries, real-time analytics, and Redis-integrated graph processing",A,91,executor
neo4j-expert,expert-agents/data-intelligence/database-systems/neo4j-expert.md,expert,opus,data-intelligence,database-systems,"Master architect of Neo4j graph database ecosystems, specializing in enterprise-scale graph analytics, complex relationship modeling, and graph-native problem solving",A,92,executor
sql-pro,expert-agents/data-intelligence/database-systems/sql-pro.md,expert,sonnet,data-intelligence,database-systems,"Masters complex SQL queries, execution plan optimization, and normalized database schema design for high-performance relational systems",A,91,executor
cuda-expert,expert-agents/data-intelligence/gpu-computing/cuda-expert.md,expert,sonnet,data-intelligence,gpu-computing,"Masters NVIDIA CUDA programming with kernel optimization, memory management, and parallel computing architecture for maximum GPU performance and efficiency",A,91,executor
isaac-expert,expert-agents/data-intelligence/gpu-computing/isaac-expert.md,expert,opus,data-intelligence,gpu-computing,"Architect of NVIDIA Isaac robotics simulation and AI frameworks, specializing in photorealistic simulation, autonomous navigation, and GPU-accelerated robotics pipelines",A,91,executor
jetson-expert,expert-agents/data-intelligence/gpu-computing/jetson-expert.md,expert,sonnet,data-intelligence,gpu-computing,"Masters NVIDIA Jetson edge computing platforms with embedded AI, real-time inference optimization, and power-efficient deployment for edge applications",A,91,executor
rapids-expert,expert-agents/data-intelligence/gpu-computing/rapids-expert.md,expert,sonnet,data-intelligence,gpu-computing,"Specializes in NVIDIA RAPIDS GPU-accelerated data science ecosystem with cuDF, cuML, and cuGraph integration for high-performance analytics workflows",A,91,executor
ai-engineer,expert-agents/data-intelligence/machine-learning/ai-engineer.md,expert,opus,data-intelligence,machine-learning,Architects AI systems and intelligent applications with focus on scalable AI infrastructure and model integration excellence,A,91,executor
dspy-expert,expert-agents/data-intelligence/machine-learning/dspy-expert.md,expert,sonnet,data-intelligence,machine-learning,"Masters DSPy framework for systematic prompt engineering and LLM pipeline optimization, specializing in automatic prompt optimization, multi-step reasoning chains, and programmatic AI system development",A,91,executor
kerasml-expert,expert-agents/data-intelligence/machine-learning/kerasml-expert.md,expert,sonnet,data-intelligence,machine-learning,"Masters Keras framework for streaming ML applications, specializing in real-time model inference, online learning, distributed training, and adaptive neural networks for continuous data streams",A,91,executor
ml-engineer,expert-agents/data-intelligence/machine-learning/ml-engineer.md,expert,sonnet,data-intelligence,machine-learning,"Builds machine learning models, optimizes training pipelines, and deploys ML systems with GPU optimization and cloud integration excellence",A,91,executor
mlops-engineer,expert-agents/data-intelligence/machine-learning/mlops-engineer.md,expert,sonnet,data-intelligence,machine-learning,"Implements MLOps pipelines for automated model deployment, monitoring, and lifecycle management in production environments",A,91,executor
yolo-expert,expert-agents/data-intelligence/machine-learning/yolo-expert.md,expert,sonnet,data-intelligence,machine-learning,"Masters YOLO object detection for real-time computer vision, specializing in model optimization, custom dataset training, and deployment across YOLOv3-YOLOv8+ architectures",A,91,executor
architect-reviewer,expert-agents/development-architecture/system-architecture/architect-reviewer.md,expert,opus,development-architecture,system-architecture,"Reviews and designs overall system architecture with focus on scalability, maintainability, and technical consistency across complex multi-component projects. Validates OpenSpec contracts and TaskMaster decomposition for architectural soundness.",A,9.4,auditor
backend-architect,expert-agents/development-architecture/system-architecture/backend-architect.md,expert,sonnet,development-architecture,system-architecture,"Designs RESTful APIs, microservice boundaries, and database schemas with focus on performance, scalability, and integration efficiency",A-,8.8,executor
graphql-architect,expert-agents/development-architecture/system-architecture/graphql-architect.md,expert,sonnet,development-architecture,system-architecture,"Specializes in GraphQL schema design, federation strategies, and resolver optimization for efficient data fetching and API composition",A-,8.7,executor
brand-guardian,expert-agents/development-architecture/user-experience/brand-guardian.md,expert,sonnet,development-architecture,user-experience,"Master of brand consistency enforcement specializing in brand voice, visual identity, style guide compliance, tone consistency, messaging alignment, and asset management for cohesive brand experiences",A,9.1,auditor
frontend-developer,expert-agents/development-architecture/user-experience/frontend-developer.md,focused,sonnet,development-architecture,user-experience,"Implements frontend components with accessibility compliance, responsive design, and performance optimization for dev-system pipeline",A,91,executor
ui-ux-designer,expert-agents/development-architecture/user-experience/ui-ux-designer.md,expert,sonnet,development-architecture,user-experience,"Master of user interface and experience design specializing in comprehensive design systems, accessibility-first approach, user-centered design, and implementation-ready specifications",A,9.1,advisor
ux-researcher,expert-agents/development-architecture/user-experience/ux-researcher.md,expert,sonnet,development-architecture,user-experience,"Master of user research methodology specializing in user interviews, usability testing, persona creation, journey mapping, A/B test design, survey methodology, and behavioral analysis for evidence-based design decisions",A,9.2,advisor
visual-storyteller,expert-agents/development-architecture/user-experience/visual-storyteller.md,expert,sonnet,development-architecture,user-experience,"Master of visual narrative design specializing in presentation design, data visualization, infographics, slide decks, pitch materials, and visual communication for compelling story-driven content",A,9.2,advisor
whimsy-injector,expert-agents/development-architecture/user-experience/whimsy-injector.md,expert,sonnet,development-architecture,user-experience,"Master of creative delight specializing in Easter eggs, micro-interactions, playful copy, delight moments, surprise elements, and personality injection that balances fun with usability for memorable user experiences",A,9.1,advisor
code-reviewer,expert-agents/development-tooling/code-quality/code-reviewer.md,expert,sonnet,development-tooling,code-quality,"Reviews code for best practices, architectural consistency, and maintainability with focus on code quality, collaborative improvement, and OpenSpec contract verification",A,92,auditor
debugger,expert-agents/development-tooling/code-quality/debugger.md,expert,sonnet,development-tooling,code-quality,"Debugs code systematically, analyzes complex errors, and implements reliable fixes with comprehensive root cause analysis",A,91,executor
error-detective,expert-agents/development-tooling/code-quality/error-detective.md,expert,sonnet,development-tooling,code-quality,"Detects and diagnoses code errors, edge cases, and potential failure modes with comprehensive analysis and prevention strategies",A,91,auditor
legacy-modernizer,expert-agents/development-tooling/code-quality/legacy-modernizer.md,expert,sonnet,development-tooling,code-quality,"Modernizes legacy codebases to current standards with systematic refactoring, technology updates, and maintainability improvements",A,91,executor
merger,expert-agents/development-tooling/code-quality/merger.md,expert,sonnet,development-tooling,code-quality,"Integrates multi-agent code outputs into cohesive codebases with sophisticated conflict resolution, quality assurance, and codebase coherence preservation",A,90,executor
sast-analyzer,expert-agents/development-tooling/code-quality/sast-analyzer.md,expert,sonnet,development-tooling,code-quality,"Performs comprehensive static application security testing using advanced SAST tools (Semgrep, Bandit, CodeQL) for vulnerability detection and security assessment",A,91,auditor
type-safety-enforcer,expert-agents/development-tooling/code-quality/type-safety-enforcer.md,expert,sonnet,development-tooling,code-quality,"Ensures comprehensive type safety using advanced type checkers (mypy, pyright, TypeScript) for runtime error prevention through sophisticated static type analysis",A,91,auditor
context-manager,expert-agents/development-tooling/developer-experience/context-manager.md,expert,sonnet,development-tooling,developer-experience,Manages and optimizes LLM context for long conversations with intelligent context compression and conversation continuity,A,91,executor
dx-optimizer,expert-agents/development-tooling/developer-experience/dx-optimizer.md,expert,sonnet,development-tooling,developer-experience,"Optimizes developer experience through toolchain improvements, workflow automation, and productivity tool integration",A,91,executor
prompt-engineer,expert-agents/development-tooling/developer-experience/prompt-engineer.md,expert,sonnet,development-tooling,developer-experience,"Crafts and optimizes prompts for LLMs and AI systems with systematic optimization, performance measurement, and iterative refinement for maximum effectiveness",A,90,executor
rapid-prototyper,expert-agents/development-tooling/developer-experience/rapid-prototyper.md,expert,sonnet,development-tooling,developer-experience,"Creates quick MVPs and proof-of-concept implementations with speed-over-polish approach, validation-focused development, and low-to-high fidelity progression",A,90,executor
workflow-optimizer,expert-agents/development-tooling/developer-experience/workflow-optimizer.md,expert,sonnet,development-tooling,developer-experience,"Analyzes and optimizes developer workflows through bottleneck identification, automation opportunities, CI/CD pipeline efficiency, and build time reduction using data-driven DORA metrics",A,91,executor
deductive-verifier,expert-agents/development-tooling/formal-verification/deductive-verifier.md,expert,opus,development-tooling,formal-verification,Implements deductive verification using tools like Prusti for program correctness proofs through precondition and postcondition analysis,A,92,executor
model-checker,expert-agents/development-tooling/formal-verification/model-checker.md,expert,opus,development-tooling,formal-verification,"Performs formal model checking using tools like Kani, CBMC, and TLA+ for mathematical verification of program correctness and rigorous property validation",A,91,auditor
property-verifier,expert-agents/development-tooling/formal-verification/property-verifier.md,expert,sonnet,development-tooling,formal-verification,"Validates system properties and invariants through comprehensive property-based testing and specification verification using tools like Hypothesis, QuickCheck, and PropEr",A,91,auditor
api-tester,expert-agents/development-tooling/testing/api-tester.md,expert,sonnet,development-tooling,testing,"API testing specialist for REST and GraphQL endpoints. Invoke for API test automation, contract testing, Postman/Newman workflows, OpenAPI validation, mock server setup, and API integration testing.",A,9.1,executor
integration-test-coordinator,expert-agents/development-tooling/testing/integration-test-coordinator.md,expert,sonnet,development-tooling,testing,"Orchestrates cross-service testing with contract validation, API compatibility verification, and end-to-end integration testing across distributed systems",A,91,executor
playwright-automation-specialist,expert-agents/development-tooling/testing/playwright-automation-specialist.md,expert,sonnet,development-tooling,testing,"Masters browser automation using Playwright for cross-browser testing, UI interaction automation, and visual regression testing across Chrome, Firefox, and Safari",A,90,executor
test-automation-expert,expert-agents/development-tooling/testing/test-automation-expert-alt.md,expert,sonnet,development-tooling,testing,"Specialized in automated testing frameworks, test strategy design, and quality assurance processes for complex software systems",A,91,executor
test-automator,expert-agents/development-tooling/testing/test-automator.md,expert,sonnet,development-tooling,testing,"Automates comprehensive testing with unit, integration, and E2E coverage using modern frameworks (Jest, Pytest, Cypress) with reporting excellence",A,90,executor
test-results-analyzer,expert-agents/development-tooling/testing/test-results-analyzer.md,expert,sonnet,development-tooling,testing,"Test analysis specialist for test report synthesis and quality assessment. Invoke for test result interpretation, flaky test detection, coverage gap analysis, failure pattern identification, and regression analysis.",A,9.0,auditor
tool-evaluator,expert-agents/development-tooling/testing/tool-evaluator.md,expert,sonnet,development-tooling,testing,"Technology evaluation specialist for tool selection and vendor comparison. Invoke for tech stack assessment, vendor comparison, POC design, build vs buy analysis, migration planning, and adoption criteria definition.",A,9.1,advisor
unit-test-specialist,expert-agents/development-tooling/testing/unit-test-specialist.md,expert,sonnet,development-tooling,testing,"TDD-focused specialist creating comprehensive unit tests with high coverage, mutation testing validation, and test-first development practices for bulletproof code quality",A,91,executor
snarky-sarcastic-wit,expert-agents/documentation-content/creative/snarky-sarcastic-wit.md,expert,sonnet,documentation-content,creative,"Delivers sardonic commentary, dry humor, and playful snark that entertains without offending, specializing in tech roasts, clever error messages, and self-deprecating observations that find the humor in our collective suffering",A,91,executor
app-store-optimizer,expert-agents/documentation-content/marketing/app-store-optimizer.md,expert,sonnet,documentation-content,marketing,"Optimizes mobile app listings for App Store and Google Play visibility, conversion, and ranking through keyword research, creative optimization, and performance analysis",A,91,executor
growth-hacker,expert-agents/documentation-content/marketing/growth-hacker.md,expert,sonnet,documentation-content,marketing,"Designs and optimizes growth loops, viral mechanics, acquisition funnels, and retention systems using product-led growth principles and data-driven experimentation",A,92,executor
instagram-curator,expert-agents/documentation-content/marketing/instagram-curator.md,expert,sonnet,documentation-content,marketing,"Develops Instagram content strategy including feed aesthetics, Stories, Reels, hashtag optimization, and engagement tactics for brand growth and community building",A,91,executor
reddit-community-builder,expert-agents/documentation-content/marketing/reddit-community-builder.md,expert,sonnet,documentation-content,marketing,"Develops Reddit engagement strategies including subreddit research, authentic community participation, AMA coordination, and karma-positive brand building",A,91,executor
tiktok-strategist,expert-agents/documentation-content/marketing/tiktok-strategist.md,expert,sonnet,documentation-content,marketing,"Develops TikTok content strategies including trend identification, sound selection, algorithm optimization, and viral mechanics for authentic brand building on short-form video",A,92,executor
twitter-engager,expert-agents/documentation-content/marketing/twitter-engager.md,expert,sonnet,documentation-content,marketing,"Develops Twitter/X engagement strategies including thread optimization, community building, trending topic participation, and authentic brand voice development",A,91,executor
content-marketer,expert-agents/documentation-content/seo-marketing/content-marketer.md,expert,sonnet,documentation-content,seo-marketing,Creates compelling marketing content and integrated campaigns with brand alignment and audience engagement excellence,A,91,executor
search-specialist,expert-agents/documentation-content/seo-marketing/search-specialist.md,expert,sonnet,documentation-content,seo-marketing,"Implements advanced search algorithms, indexing systems, and search optimization for efficient information retrieval",A,,executor
seo-authority-builder,expert-agents/documentation-content/seo-marketing/seo-authority-builder.md,expert,sonnet,documentation-content,seo-marketing,"Builds domain authority through strategic link building, content marketing, and authority development for sustainable growth",A,91,executor
seo-cannibalization-detector,expert-agents/documentation-content/seo-marketing/seo-cannibalization-detector.md,expert,sonnet,documentation-content,seo-marketing,Detects and resolves keyword cannibalization issues through comprehensive content analysis and strategic differentiation,A,,auditor
seo-content-auditor,expert-agents/documentation-content/seo-marketing/seo-content-auditor.md,expert,sonnet,documentation-content,seo-marketing,Audits content performance for SEO improvements through comprehensive analysis and strategic optimization recommendations,A,,auditor
seo-content-planner,expert-agents/documentation-content/seo-marketing/seo-content-planner.md,expert,sonnet,documentation-content,seo-marketing,Plans comprehensive content strategies and editorial calendars with SEO optimization and content marketing integration,A,,executor
seo-content-refresher,expert-agents/documentation-content/seo-marketing/seo-content-refresher.md,expert,sonnet,documentation-content,seo-marketing,Refreshes and updates existing content for sustained SEO performance through strategic optimization and freshness improvements,A,91,executor
seo-content-writer,expert-agents/documentation-content/seo-marketing/seo-content-writer.md,expert,sonnet,documentation-content,seo-marketing,"Creates SEO-optimized content with strategic keyword integration, user engagement focus, and search performance excellence",A,,executor
seo-keyword-strategist,expert-agents/documentation-content/seo-marketing/seo-keyword-strategist.md,expert,sonnet,documentation-content,seo-marketing,Researches and strategizes keyword optimization with comprehensive market analysis and search intent alignment,A,,advisor
seo-meta-optimizer,expert-agents/documentation-content/seo-marketing/seo-meta-optimizer.md,expert,sonnet,documentation-content,seo-marketing,Optimizes meta tags and on-page SEO elements for search visibility and CTR with current best practices,A,,executor
seo-snippet-hunter,expert-agents/documentation-content/seo-marketing/seo-snippet-hunter.md,expert,sonnet,documentation-content,seo-marketing,Optimizes content for featured snippets and rich search results through strategic formatting and schema markup,A,,executor
seo-structure-architect,expert-agents/documentation-content/seo-marketing/seo-structure-architect.md,expert,sonnet,documentation-content,seo-marketing,Designs content structure and site architecture for optimal SEO performance with technical excellence and crawlability,A,,advisor
api-documenter,expert-agents/documentation-content/technical-writing/api-documenter.md,expert,sonnet,documentation-content,technical-writing,Generates comprehensive API documentation and OpenAPI specifications with focus on developer experience and integration excellence,A,,executor
docs-architect,expert-agents/documentation-content/technical-writing/docs-architect.md,expert,sonnet,documentation-content,technical-writing,Designs comprehensive documentation architecture and knowledge base systems with focus on information organization and user discovery,A,,architect
documentation-writer,expert-agents/documentation-content/technical-writing/documentation-writer.md,expert,sonnet,documentation-content,technical-writing,"Creates comprehensive technical documentation, API references, and user guides with focus on clarity, accuracy, and user experience",A,,executor
mermaid-expert,expert-agents/documentation-content/technical-writing/mermaid-expert.md,expert,sonnet,documentation-content,technical-writing,"Creates and optimizes Mermaid diagrams for technical documentation with focus on clarity, accuracy, and visual communication",A,,executor
reference-builder,expert-agents/documentation-content/technical-writing/reference-builder.md,expert,sonnet,documentation-content,technical-writing,Builds comprehensive reference materials and quick-start guides focused on developer productivity and rapid onboarding,A,,executor
tutorial-engineer,expert-agents/documentation-content/technical-writing/tutorial-engineer.md,expert,sonnet,documentation-content,technical-writing,Creates comprehensive step-by-step tutorials and learning resources with focus on educational effectiveness and learner success,A,,executor
home-assistant-expert,expert-agents/embedded-hardware/edge-platforms/home-assistant-expert.md,expert,sonnet,embedded-hardware,edge-platforms,"Masters Home Assistant home automation platform for smart home integration, automation scripting, device management, and comprehensive IoT ecosystem orchestration with advanced customization",A-,8.8,executor
raspberry-pi-expert,expert-agents/embedded-hardware/edge-platforms/raspberry-pi-expert.md,expert,sonnet,embedded-hardware,edge-platforms,"Masters Raspberry Pi single-board computers for embedded Linux applications, IoT projects, edge computing, computer vision, and GPIO-based hardware control with advanced system optimization",A-,8.8,executor
arduino-expert,expert-agents/embedded-hardware/microcontrollers/arduino-expert.md,expert,sonnet,embedded-hardware,microcontrollers,"Masters Arduino microcontroller platform for embedded systems development, sensor integration, IoT applications, real-time control systems, and custom hardware prototyping with advanced programming techniques",A-,8.8,executor
deauther-esp32-expert,expert-agents/embedded-hardware/microcontrollers/deauther-esp32-expert.md,expert,sonnet,embedded-hardware,microcontrollers,"Masters ESP32/ESP8266 Deauther firmware for WiFi security testing and research, deauthentication attacks, packet monitoring, beacon flooding, and wireless security assessment with strict ethical research principles",A,9.0,advisor
esp32-expert,expert-agents/embedded-hardware/microcontrollers/esp32-expert.md,expert,sonnet,embedded-hardware,microcontrollers,"Masters ESP32 microcontroller for WiFi/Bluetooth IoT applications, wireless communication, low-power design, real-time applications, and advanced ESP-IDF development with FreeRTOS integration",A-,8.9,executor
arducopter-expert,expert-agents/embedded-hardware/robotics-drones/arducopter-expert.md,expert,sonnet,embedded-hardware,robotics-drones,"Masters ArduCopter autopilot system for unmanned aerial vehicle development, flight control algorithms, mission planning, sensor integration, and custom firmware development with advanced autonomous flight capabilities",A-,8.9,executor
flipper-zero-expert,expert-agents/embedded-hardware/robotics-drones/flipper-zero-expert.md,expert,sonnet,embedded-hardware,robotics-drones,"Masters Flipper Zero multi-tool for hardware security research, sub-GHz communication, NFC/RFID analysis, infrared protocols, and GPIO-based hardware hacking with responsible security research principles",A,9.0,advisor
marauder-expert,expert-agents/embedded-hardware/robotics-drones/marauder-expert.md,expert,sonnet,embedded-hardware,robotics-drones,"Masters WiFi Marauder firmware for ESP32-based wireless security testing, packet capture, deauthentication attacks, and wireless security assessment with strict ethical hacking principles",A,9.1,advisor
nextjs-expert,expert-agents/frontend-ecosystems/javascript-frameworks/nextjs-expert.md,expert,sonnet,frontend-ecosystems,javascript-frameworks,"Architect of Next.js full-stack applications specializing in hybrid rendering strategies (SSR/SSG/ISR/CSR), performance optimization, SEO excellence, and modern web deployment",A,92,executor
reactjs-expert,expert-agents/frontend-ecosystems/javascript-frameworks/reactjs-expert.md,expert,sonnet,frontend-ecosystems,javascript-frameworks,"Master architect of React.js component ecosystems specializing in modern patterns, performance optimization, hooks, state management, and scalable component architectures",A,90,executor
svelte-expert,expert-agents/frontend-ecosystems/javascript-frameworks/svelte-expert.md,expert,sonnet,frontend-ecosystems,javascript-frameworks,"Pioneer of Svelte's compilation-first approach specializing in reactive component architectures, build-time optimization, and exceptional developer ergonomics with minimal runtime overhead",A,91,executor
flutter-expert,expert-agents/frontend-ecosystems/mobile-development/flutter-expert.md,expert,sonnet,frontend-ecosystems,mobile-development,"Master of Flutter cross-platform development specializing in widget architecture, Dart optimization, native platform integration, and performance tuning for iOS/Android",A,93,executor
ios-developer,expert-agents/frontend-ecosystems/mobile-development/ios-developer.md,expert,sonnet,frontend-ecosystems,mobile-development,"Master of native iOS development specializing in Swift/SwiftUI, iOS ecosystem integration, Apple platform optimization, and App Store excellence",A,91,executor
mobile-developer,expert-agents/frontend-ecosystems/mobile-development/mobile-developer.md,expert,sonnet,frontend-ecosystems,mobile-development,"Specialist in cross-platform mobile development using React Native or Flutter with platform-adaptive UI, native integration, and performance optimization for iOS/Android",A,91,executor
cesiumjs-expert,expert-agents/immersive-spatial/3d-visualization/cesiumjs-expert.md,expert,sonnet,immersive-spatial,3d-visualization,CesiumJS 3D geospatial visualization specialist for immersive web-based spatial experiences with massive datasets and WebGL optimization,A,91,executor
octree-voxel-expert,expert-agents/immersive-spatial/3d-visualization/octree-voxel-expert.md,expert,opus,immersive-spatial,3d-visualization,"Spatial data structures and volumetric rendering specialist. Invoke for octree algorithm design, voxel architectures, massive 3D dataset management, and real-time spatial query optimization.",A,91,executor
unity-developer,expert-agents/immersive-spatial/3d-visualization/unity-developer.md,expert,sonnet,immersive-spatial,3d-visualization,Unity game engine specialist for interactive 3D experiences with C# scripting optimization and performance tuning,A,91,executor
arcore-expert,expert-agents/immersive-spatial/augmented-reality/arcore-expert.md,expert,sonnet,immersive-spatial,augmented-reality,"ARCore and Android AR specialist. Invoke for ARCore implementations, cloud anchor integration, cross-device AR compatibility, and Android spatial computing.",A,91,executor
arkit-expert,expert-agents/immersive-spatial/augmented-reality/arkit-expert.md,expert,sonnet,immersive-spatial,augmented-reality,ARKit spatial computing specialist for iOS-native augmented reality experiences that seamlessly blend digital content with physical environments,A,90,executor
omniverse-expert,expert-agents/immersive-spatial/collaborative-3d/omniverse-expert.md,expert,opus,immersive-spatial,collaborative-3d,"NVIDIA Omniverse and USD composition specialist. Invoke for real-time collaborative 3D workflows, physically accurate simulation, and multi-application interoperability.",A,91,executor
ffmpeg-expert,expert-agents/media-processing/audio-video/ffmpeg-expert.md,expert,sonnet,media-processing,audio-video,"Masters FFmpeg multimedia framework for video/audio processing, transcoding, streaming, format conversion, and advanced media manipulation",A-,8.9,executor
gstreamer-expert,expert-agents/media-processing/audio-video/gstreamer-expert.md,expert,sonnet,media-processing,audio-video,"Masters GStreamer multimedia framework for pipeline-based media processing, real-time streaming, plugin development, and cross-platform multimedia applications",A-,8.8,executor
vlc-expert,expert-agents/media-processing/audio-video/vlc-expert.md,expert,sonnet,media-processing,audio-video,"Masters VLC media player framework and LibVLC for multimedia applications, specializing in media playback, streaming server deployment, and cross-platform multimedia integration",A-,8.8,executor
wireshark-expert,expert-agents/networking-telecom/network-analysis/wireshark-expert.md,expert,sonnet,networking-telecom,network-analysis,"Masters Wireshark network protocol analysis for cybersecurity and network troubleshooting, specializing in packet capture, protocol dissection, network forensics, and advanced filtering techniques. Invoke for network traffic analysis, protocol debugging, and security incident investigation.",A-,8.9,auditor
network-engineer,expert-agents/networking-telecom/network-infrastructure/network-engineer.md,expert,sonnet,networking-telecom,network-infrastructure,"Designs and troubleshoots network architectures, firewalls, and VPN configurations for secure, efficient network infrastructure. Invoke for network design, firewall configuration, VPN setup, and network troubleshooting.",A-,8.9,executor
ubiquiti-expert,expert-agents/networking-telecom/network-infrastructure/ubiquiti-expert.md,expert,sonnet,networking-telecom,network-infrastructure,"Masters Ubiquiti networking equipment and UniFi ecosystem, specializing in enterprise-grade wireless networks, network management, security appliances, and comprehensive network infrastructure deployment. Invoke for UniFi configuration, wireless network design, and Ubiquiti deployment.",A-,8.8,executor
lorawan-expert,expert-agents/networking-telecom/wireless-protocols/lorawan-expert.md,expert,sonnet,networking-telecom,wireless-protocols,"Masters LoRaWAN protocol for long-range IoT networks, specializing in low-power wide area networking, gateway management, and scalable IoT deployments. Invoke for LoRaWAN network design, gateway configuration, and LPWAN optimization.",A-,8.8,executor
assignment-agent,expert-agents/orchestration-intelligence/task-assignment/assignment-agent.md,expert,sonnet,orchestration-intelligence,task-assignment,"Assigns TaskMaster-decomposed tasks to appropriate agents with priority, dependency resolution, and workload distribution optimization",A,91,executor
validation-depth-controller,expert-agents/orchestration-intelligence/validation/validation-depth-controller.md,expert,sonnet,orchestration-intelligence,validation,"Validates task outputs and specifications against OpenSpec schemas in the dev-system pipeline, ensuring structural compliance and phase-entry criteria are met",A,9.2,auditor
performance-engineer,expert-agents/performance-reliability/performance-engineer.md,expert,sonnet,performance-reliability,,"Performance optimization and profiling specialist. Invoke for performance analysis, bottleneck identification, optimization strategies, and resource efficiency improvement.",A-,8.8,auditor
cache-expert,expert-agents/performance-reliability/caching/cache-expert.md,expert,sonnet,performance-reliability,caching,"Designs and optimizes caching strategies for mission-critical application performance with deep expertise in invalidation, consistency, and multi-tier architectures",A,9.1,advisor
memory-optimizer,expert-agents/performance-reliability/memory-optimization/memory-optimizer.md,expert,sonnet,performance-reliability,memory-optimization,"Analyzes and optimizes memory usage patterns with deep expertise in heap profiling, leak detection, allocation optimization, and GC tuning",A,91,auditor
cryptography-specialist,expert-agents/security-compliance/code-security/cryptography-specialist.md,expert,opus,security-compliance,code-security,"Implements secure cryptographic systems with advanced encryption, key management, and cryptographic protocol design for maximum security assurance",A,92,advisor
rust-safety-validator,expert-agents/security-compliance/code-security/rust-safety-validator.md,expert,sonnet,security-compliance,code-security,"Validates Rust code for memory safety, unsafe code correctness, and soundness guarantees through comprehensive static and dynamic analysis",A,91,auditor
supply-chain-auditor,expert-agents/security-compliance/code-security/supply-chain-auditor.md,expert,sonnet,security-compliance,code-security,"Analyzes software supply chain security with comprehensive dependency analysis, license compliance verification, and vulnerability chain assessment",A,91,auditor
compliance-checker,expert-agents/security-compliance/compliance-audit/compliance-checker.md,expert,sonnet,security-compliance,compliance-audit,"Regulatory compliance and data protection specialist. Invoke for compliance audits, regulatory verification, PII protection validation, and data governance enforcement.",A,91,auditor
security-auditor,expert-agents/security-compliance/defensive-security/security-auditor.md,expert,opus,security-compliance,defensive-security,"Security assessment specialist for dev-system pipeline. Performs threat modeling, vulnerability scanning, compliance validation, and security gate reviews at critical pipeline checkpoints. Integrates with code-review-gate and deployment-gate phases.",A,95,auditor
zero-trust-architect,expert-agents/security-compliance/defensive-security/zero-trust-architect.md,expert,opus,security-compliance,defensive-security,"Designs and implements zero trust architecture principles with secure identity verification, least privilege access, and continuous monitoring for mission-critical systems",A,91,architect
kali-linux-expert,expert-agents/security-compliance/offensive-security/kali-linux-expert.md,expert,sonnet,security-compliance,offensive-security,"Masters Kali Linux penetration testing distribution, specializing in ethical hacking tools, security assessments, digital forensics, and comprehensive cybersecurity testing",A,91,executor
penetration-tester,expert-agents/security-compliance/offensive-security/penetration-tester.md,expert,opus,security-compliance,offensive-security,"Performs comprehensive security testing through automated vulnerability exploitation, attack simulation, and security weakness identification with ethical hacking methodologies",A,91,auditor
acoustic-expert,expert-agents/sensing-perception/acoustic-sonar/acoustic-expert.md,expert,sonnet,sensing-perception,acoustic-sonar,"Masters acoustic sensor systems for defense applications, specializing in underwater acoustics, airborne sound detection, seismic monitoring, and advanced signal processing for tactical acoustic intelligence",A-,8.9,executor
sonar-expert,expert-agents/sensing-perception/acoustic-sonar/sonar-expert.md,expert,sonnet,sensing-perception,acoustic-sonar,"Masters SONAR systems for defense applications, specializing in underwater detection, submarine warfare, mine countermeasures, and advanced acoustic signal processing for maritime defense operations",A,9.0,executor
electro-optical-expert,expert-agents/sensing-perception/optical-imaging/electro-optical-expert.md,expert,opus,sensing-perception,optical-imaging,"Masters electro-optical sensor systems for defense applications, specializing in visible spectrum optics, reflected light analysis, precision imaging, computer vision integration, and tactical sensor deployment with Johnson criteria optimization",A,9.1,executor
hyperspectral-expert,expert-agents/sensing-perception/optical-imaging/hyperspectral-expert.md,expert,opus,sensing-perception,optical-imaging,"Masters hyperspectral imaging systems for defense applications, specializing in spectral signature analysis, material identification, camouflage detection, and multi-dimensional data processing with advanced spectral libraries and classification algorithms",A,9.2,executor
infrared-expert,expert-agents/sensing-perception/optical-imaging/infrared-expert.md,expert,opus,sensing-perception,optical-imaging,"Masters infrared sensor systems across LWIR, MWIR, and SWIR spectrums for defense applications, specializing in thermal imaging, emitted radiation analysis, multi-spectral sensor fusion, and tactical IR deployment with advanced cooling systems",A,9.2,executor
lidar-expert,expert-agents/sensing-perception/optical-imaging/lidar-expert.md,expert,sonnet,sensing-perception,optical-imaging,"Masters LiDAR systems for defense applications, specializing in 3D mapping, target identification, autonomous navigation, and precision ranging with advanced laser technologies and point cloud processing",A-,8.7,executor
bistatic-radar-expert,expert-agents/sensing-perception/radar-systems/bistatic-radar-expert.md,expert,opus,sensing-perception,radar-systems,"Masters bistatic radar systems for defense applications, specializing in separated transmitter/receiver configurations, passive radar operations, and advanced geometry optimization for enhanced detection capabilities and reduced vulnerability",A,9.1,executor
monostatic-radar-expert,expert-agents/sensing-perception/radar-systems/monostatic-radar-expert.md,expert,opus,sensing-perception,radar-systems,"Masters monostatic radar systems for defense applications, specializing in target detection, tracking, and classification using co-located transmitter/receiver configurations with advanced waveform design and signal processing",A,9.2,executor
laser-ranging-expert,expert-agents/sensing-perception/ranging-systems/laser-ranging-expert.md,expert,sonnet,sensing-perception,ranging-systems,"Masters laser ranging systems for defense applications, specializing in precision distance measurement, target designation, and guided munition support with advanced laser technologies and atmospheric compensation",A-,8.9,executor
bmc2-mission-planner,expert-agents/signal-processing/mission-systems/bmc2-mission-planner.md,expert,opus,signal-processing,mission-systems,"Battle Management Command and Control mission planning specialist. Invoke for multi-domain operations, sensor-effector integration, tactical mission planning, and 3D tactical environment modeling.",A-,8.8,executor
ettus-expert,expert-agents/signal-processing/rf-systems/ettus-expert.md,expert,sonnet,signal-processing,rf-systems,Masters Ettus Research USRP platforms and UHD driver development for software-defined radio systems with RF optimization and multi-device synchronization,A-,8.9,executor
gnuradio-expert,expert-agents/signal-processing/rf-systems/gnuradio-expert.md,expert,sonnet,signal-processing,rf-systems,"Masters GNU Radio framework for software-defined radio development, specializing in digital signal processing, flowgraph design, custom block development, and real-time RF application implementation",A-,8.9,executor
rf-sdr-expert,expert-agents/signal-processing/rf-systems/rf-sdr-expert.md,expert,opus,signal-processing,rf-systems,"Radio Frequency and Software Defined Radio specialist. Invoke for RF/SDR system design, signal intelligence, electronic warfare, spectrum analysis, and adaptive communication systems.",A-,8.8,executor
debian-expert,expert-agents/system-platforms/linux-distributions/debian-expert.md,expert,sonnet,system-platforms,linux-distributions,"Masters Debian GNU/Linux distribution for stable server deployments, embedded systems, and security-focused environments, specializing in package management, system hardening, and minimal resource deployments. Invoke for Debian server setup, security hardening, and stable system administration.",A,9.0,executor
ubuntu-expert,expert-agents/system-platforms/linux-distributions/ubuntu-expert.md,expert,sonnet,system-platforms,linux-distributions,"Masters Ubuntu Linux distribution for development, server deployment, and desktop environments, specializing in system administration, package management, and enterprise-grade Ubuntu deployments with cloud integration. Invoke for Ubuntu server setup, system administration, and cloud deployment.",A-,8.9,executor
